Name: 1984 | Store: Admin's Books | Quantity: 1 | Price: $10.99
Name: 1984 | Store: Admin's Books | Quantity: 1 | Price: $10.99
Name: 1984 | Store: Admin's Books | Quantity: 1 | Price: $10.99
Name: 1984 | Store: Admin's Books | Quantity: 1 | Price: $10.99
Name: 1984 | Store: Admin's Books | Quantity: 1 | Price: $10.99
Name: 1984 | Store: Admin's Books | Quantity: 1 | Price: $10.99
Name: 1984 | Store: Admin's Books | Quantity: 1 | Price: $10.99
Name: 1984 | Store: Admin's Books | Quantity: 1 | Price: $10.99
Name: 1984 | Store: Admin's Books | Quantity: 1 | Price: $10.99
Name: 1984 | Store: Admin's Books | Quantity: 1 | Price: $10.99
Name: 1984 | Store: Admin's Books | Quantity: 1 | Price: $10.99
Name: 1984 | Store: Admin's Books | Quantity: 1 | Price: $10.99
Name: 1984 | Store: Admin's Books | Quantity: 1 | Price: $10.99
Name: Yellow Book | Store: JBooks | Quantity: 1 | Price: $3.99
Name: The Great Gatsby | Store: Admin's Books | Quantity: 2 | Price: $20.00
Name: The Bibl | Store: Admin's Books | Quantity: 1 | Price: $10.00
